{
    "accuracy": 0.9474969474969475,
    "loss": 0.2024950400695332
}