{
    "accuracy": 0.953187003968254,
    "loss": 0.17010471142000622
}