{
    "accuracy": 0.9500815339631129,
    "loss": 0.15039357478250126
}