{
    "accuracy": 0.9492571573163678,
    "loss": 0.15187332002270934
}